"Base","Target","Rate","Fetched At"
"USD","USD","1","Sun, 24 May 2026 00:02:32 +0000"
"USD","AED","3.6725","Sun, 24 May 2026 00:02:32 +0000"
"USD","AFN","63.704817","Sun, 24 May 2026 00:02:32 +0000"
"USD","ALL","82.146262","Sun, 24 May 2026 00:02:32 +0000"
"USD","AMD","367.772139","Sun, 24 May 2026 00:02:32 +0000"
"USD","ANG","1.79","Sun, 24 May 2026 00:02:32 +0000"
"USD","AOA","924.454024","Sun, 24 May 2026 00:02:32 +0000"
"USD","ARS","1393.5019","Sun, 24 May 2026 00:02:32 +0000"
"USD","AUD","1.402534","Sun, 24 May 2026 00:02:32 +0000"
"USD","AWG","1.79","Sun, 24 May 2026 00:02:32 +0000"
"USD","AZN","1.700348","Sun, 24 May 2026 00:02:32 +0000"
"USD","BAM","1.685853","Sun, 24 May 2026 00:02:32 +0000"
"USD","BBD","2","Sun, 24 May 2026 00:02:32 +0000"
"USD","BDT","122.887873","Sun, 24 May 2026 00:02:32 +0000"
"USD","BGN","1.685853","Sun, 24 May 2026 00:02:32 +0000"
"USD","BHD","0.376","Sun, 24 May 2026 00:02:32 +0000"
"USD","BIF","2985.336848","Sun, 24 May 2026 00:02:32 +0000"
"USD","BMD","1","Sun, 24 May 2026 00:02:32 +0000"
"USD","BND","1.279729","Sun, 24 May 2026 00:02:32 +0000"
"USD","BOB","6.926371","Sun, 24 May 2026 00:02:32 +0000"
"USD","BRL","5.010865","Sun, 24 May 2026 00:02:32 +0000"
"USD","BSD","1","Sun, 24 May 2026 00:02:32 +0000"
"USD","BTN","95.881986","Sun, 24 May 2026 00:02:32 +0000"
"USD","BWP","13.934912","Sun, 24 May 2026 00:02:32 +0000"
"USD","BYN","2.739903","Sun, 24 May 2026 00:02:32 +0000"
"USD","BZD","2","Sun, 24 May 2026 00:02:32 +0000"
"USD","CAD","1.380305","Sun, 24 May 2026 00:02:32 +0000"
"USD","CDF","2252.821402","Sun, 24 May 2026 00:02:32 +0000"
"USD","CHF","0.785791","Sun, 24 May 2026 00:02:32 +0000"
"USD","CLF","0.022761","Sun, 24 May 2026 00:02:32 +0000"
"USD","CLP","899.662037","Sun, 24 May 2026 00:02:32 +0000"
"USD","CNH","6.797398","Sun, 24 May 2026 00:02:32 +0000"
"USD","CNY","6.812416","Sun, 24 May 2026 00:02:32 +0000"
"USD","COP","3734.428834","Sun, 24 May 2026 00:02:32 +0000"
"USD","CRC","452.451004","Sun, 24 May 2026 00:02:32 +0000"
"USD","CUP","24","Sun, 24 May 2026 00:02:32 +0000"
"USD","CVE","95.044331","Sun, 24 May 2026 00:02:32 +0000"
"USD","CZK","20.932171","Sun, 24 May 2026 00:02:32 +0000"
"USD","DJF","177.721","Sun, 24 May 2026 00:02:32 +0000"
"USD","DKK","6.431871","Sun, 24 May 2026 00:02:32 +0000"
"USD","DOP","58.904592","Sun, 24 May 2026 00:02:32 +0000"
"USD","DZD","132.808052","Sun, 24 May 2026 00:02:32 +0000"
"USD","EGP","52.921625","Sun, 24 May 2026 00:02:32 +0000"
"USD","ERN","15","Sun, 24 May 2026 00:02:32 +0000"
"USD","ETB","157.530515","Sun, 24 May 2026 00:02:32 +0000"
"USD","EUR","0.861963","Sun, 24 May 2026 00:02:32 +0000"
"USD","FJD","2.207765","Sun, 24 May 2026 00:02:32 +0000"
"USD","FKP","0.744718","Sun, 24 May 2026 00:02:32 +0000"
"USD","FOK","6.431869","Sun, 24 May 2026 00:02:32 +0000"
"USD","GBP","0.744718","Sun, 24 May 2026 00:02:32 +0000"
"USD","GEL","2.671848","Sun, 24 May 2026 00:02:32 +0000"
"USD","GGP","0.744718","Sun, 24 May 2026 00:02:32 +0000"
"USD","GHS","11.607676","Sun, 24 May 2026 00:02:32 +0000"
"USD","GIP","0.744718","Sun, 24 May 2026 00:02:32 +0000"
"USD","GMD","74.17776","Sun, 24 May 2026 00:02:32 +0000"
"USD","GNF","8763.76063","Sun, 24 May 2026 00:02:32 +0000"
"USD","GTQ","7.627551","Sun, 24 May 2026 00:02:32 +0000"
"USD","GYD","209.151844","Sun, 24 May 2026 00:02:32 +0000"
"USD","HKD","7.836067","Sun, 24 May 2026 00:02:32 +0000"
"USD","HNL","26.612709","Sun, 24 May 2026 00:02:32 +0000"
"USD","HRK","6.494459","Sun, 24 May 2026 00:02:32 +0000"
"USD","HTG","130.718868","Sun, 24 May 2026 00:02:32 +0000"
"USD","HUF","309.320495","Sun, 24 May 2026 00:02:32 +0000"
"USD","IDR","17710.178857","Sun, 24 May 2026 00:02:32 +0000"
"USD","ILS","2.90006","Sun, 24 May 2026 00:02:32 +0000"
"USD","IMP","0.744718","Sun, 24 May 2026 00:02:32 +0000"
"USD","INR","95.88238","Sun, 24 May 2026 00:02:32 +0000"
"USD","IQD","1310.164072","Sun, 24 May 2026 00:02:32 +0000"
"USD","IRR","1158058.844981","Sun, 24 May 2026 00:02:32 +0000"
"USD","ISK","123.815623","Sun, 24 May 2026 00:02:32 +0000"
"USD","JEP","0.744718","Sun, 24 May 2026 00:02:32 +0000"
"USD","JMD","157.520661","Sun, 24 May 2026 00:02:32 +0000"
"USD","JOD","0.709","Sun, 24 May 2026 00:02:32 +0000"
"USD","JPY","159.118714","Sun, 24 May 2026 00:02:32 +0000"
"USD","KES","129.609154","Sun, 24 May 2026 00:02:32 +0000"
"USD","KGS","87.477665","Sun, 24 May 2026 00:02:32 +0000"
"USD","KHR","4030.441648","Sun, 24 May 2026 00:02:32 +0000"
"USD","KID","1.402533","Sun, 24 May 2026 00:02:32 +0000"
"USD","KMF","424.057913","Sun, 24 May 2026 00:02:32 +0000"
"USD","KRW","1516.188387","Sun, 24 May 2026 00:02:32 +0000"
"USD","KWD","0.30926","Sun, 24 May 2026 00:02:32 +0000"
"USD","KYD","0.833333","Sun, 24 May 2026 00:02:32 +0000"
"USD","KZT","472.538359","Sun, 24 May 2026 00:02:32 +0000"
"USD","LAK","21910.666822","Sun, 24 May 2026 00:02:32 +0000"
"USD","LBP","89500","Sun, 24 May 2026 00:02:32 +0000"
"USD","LKR","334.806273","Sun, 24 May 2026 00:02:32 +0000"
"USD","LRD","183.021005","Sun, 24 May 2026 00:02:32 +0000"
"USD","LSL","16.469328","Sun, 24 May 2026 00:02:32 +0000"
"USD","LYD","6.363333","Sun, 24 May 2026 00:02:32 +0000"
"USD","MAD","9.226457","Sun, 24 May 2026 00:02:32 +0000"
"USD","MDL","17.359354","Sun, 24 May 2026 00:02:32 +0000"
"USD","MGA","4193.222387","Sun, 24 May 2026 00:02:32 +0000"
"USD","MKD","53.196269","Sun, 24 May 2026 00:02:32 +0000"
"USD","MMK","2101.36739","Sun, 24 May 2026 00:02:32 +0000"
"USD","MNT","3607.640881","Sun, 24 May 2026 00:02:32 +0000"
"USD","MOP","8.071148","Sun, 24 May 2026 00:02:32 +0000"
"USD","MRU","40.025533","Sun, 24 May 2026 00:02:32 +0000"
"USD","MUR","47.307019","Sun, 24 May 2026 00:02:32 +0000"
"USD","MVR","15.448303","Sun, 24 May 2026 00:02:32 +0000"
"USD","MWK","1744.089955","Sun, 24 May 2026 00:02:32 +0000"
"USD","MXN","17.324745","Sun, 24 May 2026 00:02:32 +0000"
"USD","MYR","3.967134","Sun, 24 May 2026 00:02:32 +0000"
"USD","MZN","63.555117","Sun, 24 May 2026 00:02:32 +0000"
"USD","NAD","16.469328","Sun, 24 May 2026 00:02:32 +0000"
"USD","NGN","1370.152798","Sun, 24 May 2026 00:02:32 +0000"
"USD","NIO","36.822391","Sun, 24 May 2026 00:02:32 +0000"
"USD","NOK","9.265746","Sun, 24 May 2026 00:02:32 +0000"
"USD","NPR","153.411177","Sun, 24 May 2026 00:02:32 +0000"
"USD","NZD","1.708237","Sun, 24 May 2026 00:02:32 +0000"
"USD","OMR","0.384497","Sun, 24 May 2026 00:02:32 +0000"
"USD","PAB","1","Sun, 24 May 2026 00:02:32 +0000"
"USD","PEN","3.416108","Sun, 24 May 2026 00:02:32 +0000"
"USD","PGK","4.360024","Sun, 24 May 2026 00:02:32 +0000"
"USD","PHP","61.667113","Sun, 24 May 2026 00:02:32 +0000"
"USD","PKR","278.93143","Sun, 24 May 2026 00:02:32 +0000"
"USD","PLN","3.655427","Sun, 24 May 2026 00:02:32 +0000"
"USD","PYG","6154.755203","Sun, 24 May 2026 00:02:32 +0000"
"USD","QAR","3.64","Sun, 24 May 2026 00:02:32 +0000"
"USD","RON","4.523715","Sun, 24 May 2026 00:02:32 +0000"
"USD","RSD","101.225759","Sun, 24 May 2026 00:02:32 +0000"
"USD","RUB","71.246735","Sun, 24 May 2026 00:02:32 +0000"
"USD","RWF","1467.358483","Sun, 24 May 2026 00:02:32 +0000"
"USD","SAR","3.75","Sun, 24 May 2026 00:02:32 +0000"
"USD","SBD","7.951238","Sun, 24 May 2026 00:02:32 +0000"
"USD","SCR","13.967533","Sun, 24 May 2026 00:02:32 +0000"
"USD","SDG","508.974686","Sun, 24 May 2026 00:02:32 +0000"
"USD","SEK","9.36517","Sun, 24 May 2026 00:02:32 +0000"
"USD","SGD","1.279729","Sun, 24 May 2026 00:02:32 +0000"
"USD","SHP","0.744718","Sun, 24 May 2026 00:02:32 +0000"
"USD","SLE","24.334282","Sun, 24 May 2026 00:02:32 +0000"
"USD","SLL","24334.282116","Sun, 24 May 2026 00:02:32 +0000"
"USD","SOS","571.205288","Sun, 24 May 2026 00:02:32 +0000"
"USD","SRD","37.344837","Sun, 24 May 2026 00:02:32 +0000"
"USD","SSP","4808.615462","Sun, 24 May 2026 00:02:32 +0000"
"USD","STN","21.118089","Sun, 24 May 2026 00:02:32 +0000"
"USD","SYP","113.995752","Sun, 24 May 2026 00:02:32 +0000"
"USD","SZL","16.469328","Sun, 24 May 2026 00:02:32 +0000"
"USD","THB","32.668743","Sun, 24 May 2026 00:02:32 +0000"
"USD","TJS","9.275832","Sun, 24 May 2026 00:02:32 +0000"
"USD","TMT","3.499564","Sun, 24 May 2026 00:02:32 +0000"
"USD","TND","2.910102","Sun, 24 May 2026 00:02:32 +0000"
"USD","TOP","2.364183","Sun, 24 May 2026 00:02:32 +0000"
"USD","TRY","45.711913","Sun, 24 May 2026 00:02:32 +0000"
"USD","TTD","6.766359","Sun, 24 May 2026 00:02:32 +0000"
"USD","TVD","1.402533","Sun, 24 May 2026 00:02:32 +0000"
"USD","TWD","31.485244","Sun, 24 May 2026 00:02:32 +0000"
"USD","TZS","2584.860124","Sun, 24 May 2026 00:02:32 +0000"
"USD","UAH","44.269652","Sun, 24 May 2026 00:02:32 +0000"
"USD","UGX","3753.210879","Sun, 24 May 2026 00:02:32 +0000"
"USD","UYU","40.343929","Sun, 24 May 2026 00:02:32 +0000"
"USD","UZS","12089.389234","Sun, 24 May 2026 00:02:32 +0000"
"USD","VES","530.5047","Sun, 24 May 2026 00:02:32 +0000"
"USD","VND","26227.124332","Sun, 24 May 2026 00:02:32 +0000"
"USD","VUV","118.573063","Sun, 24 May 2026 00:02:32 +0000"
"USD","WST","2.69061","Sun, 24 May 2026 00:02:32 +0000"
"USD","XAF","565.41055","Sun, 24 May 2026 00:02:32 +0000"
"USD","XCD","2.7","Sun, 24 May 2026 00:02:32 +0000"
"USD","XCG","1.79","Sun, 24 May 2026 00:02:32 +0000"
"USD","XDR","0.731294","Sun, 24 May 2026 00:02:32 +0000"
"USD","XOF","565.41055","Sun, 24 May 2026 00:02:32 +0000"
"USD","XPF","102.859748","Sun, 24 May 2026 00:02:32 +0000"
"USD","YER","238.703614","Sun, 24 May 2026 00:02:32 +0000"
"USD","ZAR","16.469365","Sun, 24 May 2026 00:02:32 +0000"
"USD","ZMW","18.86532","Sun, 24 May 2026 00:02:32 +0000"
"USD","ZWG","26.3216","Sun, 24 May 2026 00:02:32 +0000"
"USD","ZWL","26.3216","Sun, 24 May 2026 00:02:32 +0000"